Trophy,SpriteNum,SpriteSet,Season,FieldRestriction,ResetWonOnSeasonChange,AttributeRestriction,Time,AgeLimit(links to config file's randomTourneyStageAge setting),BitModifier,Prelim,ItemWon,FoodWonqAmount,IncludeInRandomSchedule,OverrideEnemyStage,SameDayRetry,OverrideEnemyAttribute,OverrideEnemyElement,OverrideEnemyField
0,82,0,Spring,NA,FALSE,NA,None,None,1,0,-1,-1q-1,TRUE,None,TRUE,NA,NA,NA
1,1,0,Spring,NA,FALSE,NA,None,None,1,0,-1,-1q-1,TRUE,None,TRUE,NA,NA,NA
2,2,0,Spring,DeepSaver,FALSE,NA,None,None,1.5,0,26,-1q-1,TRUE,None,TRUE,NA,NA,NA
3,3,0,Spring,NightmareSoldier,FALSE,NA,None,None,1.5,0,10,-1q-1,TRUE,None,TRUE,NA,NA,NA
4,4,0,Spring,NatureSpirit,FALSE,NA,None,None,1.5,0,9,-1q-1,TRUE,None,TRUE,NA,NA,NA
5,5,0,Spring,WindGuardian,FALSE,NA,None,None,1.5,0,6,-1q-1,TRUE,None,TRUE,NA,NA,NA
6,6,0,Spring,MetalEmpire,FALSE,NA,None,None,1.5,0,8,-1q-1,TRUE,None,TRUE,NA,NA,NA
7,7,0,Spring,DragonsRoar,FALSE,NA,None,None,1.5,0,36,-1q-1,TRUE,None,TRUE,NA,NA,NA
8,8,0,Spring,JungleTrooper,FALSE,NA,None,None,1.5,0,11,-1q-1,TRUE,None,TRUE,NA,NA,NA
9,10,0,Spring,VirusBuster,FALSE,NA,None,None,1.5,0,4,-1q-1,TRUE,None,TRUE,NA,NA,NA
10,9,0,Spring,DarkArea,FALSE,NA,None,None,1.5,0,1,-1q-1,TRUE,None,TRUE,NA,NA,NA
11,11,0,Spring,NA,FALSE,Virus,None,None,1.5,0,-1,35q10,TRUE,None,TRUE,NA,NA,NA
12,12,0,Spring,NA,FALSE,Vaccine,None,None,1.5,0,-1,37q10,TRUE,None,TRUE,NA,NA,NA
13,13,0,Spring,NA,FALSE,Data,None,None,1.5,0,-1,36q10,TRUE,None,TRUE,NA,NA,NA
14,14,0,Spring,NA,FALSE,NA,None,None,1,0,-1,7q10,TRUE,None,TRUE,NA,NA,NA
15,15,0,Spring,NA,FALSE,NA,None,None,1,0,-1,12q1,TRUE,None,TRUE,NA,NA,NA
16,16,0,Spring,NA,FALSE,NA,None,Rookie,1.1,0,-1,-1q-1,TRUE,None,TRUE,NA,NA,NA
17,17,0,Spring,NA,FALSE,NA,None,Rookie,1.1,0,-1,-1q-1,TRUE,None,TRUE,NA,NA,NA
18,18,0,Spring,NA,FALSE,NA,None,Rookie,1.1,0,-1,-1q-1,TRUE,None,TRUE,NA,NA,NA
19,19,0,Spring,NA,FALSE,NA,None,Rookie,1.1,0,-1,-1q-1,TRUE,None,TRUE,NA,NA,NA
20,20,0,Spring,NA,FALSE,NA,None,Rookie,1.1,0,-1,-1q-1,TRUE,None,TRUE,NA,NA,NA
21,21,0,Spring,NA,FALSE,NA,None,Rookie,1.1,0,-1,-1q-1,TRUE,None,TRUE,NA,NA,NA
22,22,0,Spring,NA,FALSE,NA,None,Rookie,1.1,0,-1,-1q-1,TRUE,None,TRUE,NA,NA,NA
23,23,0,Spring,NA,FALSE,NA,None,Rookie,1.1,0,-1,-1q-1,TRUE,None,TRUE,NA,NA,NA
24,24,0,Spring,NA,FALSE,NA,None,Rookie,1.1,0,-1,-1q-1,TRUE,None,TRUE,NA,NA,NA
25,25,0,Spring,NA,FALSE,NA,None,Rookie,1.1,0,-1,-1q-1,TRUE,None,TRUE,NA,NA,NA
26,26,0,Spring,NA,FALSE,NA,None,Rookie,1.1,0,-1,-1q-1,TRUE,None,TRUE,NA,NA,NA
27,27,0,Spring,NA,FALSE,NA,None,Rookie,1.1,0,-1,-1q-1,TRUE,None,TRUE,NA,NA,NA
28,28,0,Spring,NA,FALSE,NA,None,Rookie,1.1,0,-1,-1q-1,TRUE,None,TRUE,NA,NA,NA
29,29,0,Spring,NA,FALSE,NA,None,Rookie,1.1,0,-1,-1q-1,TRUE,None,TRUE,NA,NA,NA
30,30,0,Spring,NA,FALSE,NA,None,Rookie,1.1,0,-1,-1q-1,TRUE,None,TRUE,NA,NA,NA
31,31,0,Spring,NA,FALSE,NA,None,Champion,1.1,0,-1,-1q-1,TRUE,None,TRUE,NA,NA,NA
32,32,0,Spring,NA,FALSE,NA,None,Champion,1.1,0,-1,-1q-1,TRUE,None,TRUE,NA,NA,NA
33,33,0,Spring,NA,FALSE,NA,None,Champion,1.1,0,-1,-1q-1,TRUE,None,TRUE,NA,NA,NA
34,34,0,Spring,NA,FALSE,NA,None,Champion,1.1,0,-1,-1q-1,TRUE,None,TRUE,NA,NA,NA
35,35,0,Spring,NA,FALSE,NA,None,Champion,1.1,0,-1,-1q-1,TRUE,None,TRUE,NA,NA,NA
36,36,0,Spring,NA,FALSE,NA,None,Champion,1.1,0,-1,-1q-1,TRUE,None,TRUE,NA,NA,NA
37,37,0,Spring,NA,FALSE,NA,None,Champion,1.6,22,-1,-1q-1,TRUE,None,TRUE,NA,NA,NA
38,38,0,Spring,NA,FALSE,NA,None,Champion,1.1,0,-1,-1q-1,TRUE,None,TRUE,NA,NA,NA
39,39,0,Spring,NA,FALSE,NA,None,Champion,1.1,0,-1,-1q-1,TRUE,None,TRUE,NA,NA,NA
40,40,0,Spring,NA,FALSE,NA,None,Champion,1.1,0,-1,-1q-1,TRUE,None,TRUE,NA,NA,NA
41,41,0,Spring,NA,FALSE,NA,None,Champion,1.1,0,-1,-1q-1,TRUE,None,TRUE,NA,NA,NA
42,42,0,Spring,NA,FALSE,NA,None,Champion,1.1,0,-1,-1q-1,TRUE,None,TRUE,NA,NA,NA
43,43,0,Spring,NA,FALSE,NA,None,Champion,1.1,0,-1,-1q-1,TRUE,None,TRUE,NA,NA,NA
44,44,0,Spring,NA,FALSE,NA,None,Champion,1.1,0,-1,-1q-1,TRUE,None,TRUE,NA,NA,NA
45,45,0,Spring,NA,FALSE,NA,None,Champion,1.1,0,-1,-1q-1,TRUE,None,TRUE,NA,NA,NA
46,46,0,Spring,NA,FALSE,NA,None,Ultimate,1.1,0,-1,-1q-1,TRUE,None,TRUE,NA,NA,NA
47,47,0,Spring,NA,FALSE,NA,None,Ultimate,1.1,0,-1,-1q-1,TRUE,None,TRUE,NA,NA,NA
48,48,0,Spring,NA,FALSE,NA,None,Ultimate,1.1,0,-1,-1q-1,TRUE,None,TRUE,NA,NA,NA
49,49,0,Spring,NA,FALSE,NA,None,Ultimate,1.1,0,-1,-1q-1,TRUE,None,TRUE,NA,NA,NA
50,50,0,Spring,NA,FALSE,NA,None,Ultimate,1.1,0,-1,-1q-1,TRUE,None,TRUE,NA,NA,NA
51,51,0,Spring,NA,FALSE,NA,None,Ultimate,1.1,0,-1,-1q-1,TRUE,None,TRUE,NA,NA,NA
52,52,0,Spring,NA,FALSE,NA,None,Ultimate,1.6,37,-1,-1q-1,TRUE,None,TRUE,NA,NA,NA
53,53,0,Spring,NA,FALSE,NA,None,Ultimate,1.1,0,-1,-1q-1,TRUE,None,TRUE,NA,NA,NA
54,54,0,Spring,NA,FALSE,NA,None,Ultimate,1.1,0,-1,-1q-1,TRUE,None,TRUE,NA,NA,NA
55,55,0,Spring,NA,FALSE,NA,None,Ultimate,1.1,0,-1,-1q-1,TRUE,None,TRUE,NA,NA,NA
56,56,0,Spring,NA,FALSE,NA,None,Ultimate,1.1,0,-1,-1q-1,TRUE,None,TRUE,NA,NA,NA
57,57,0,Spring,NA,FALSE,NA,None,Ultimate,1.1,0,-1,-1q-1,TRUE,None,TRUE,NA,NA,NA
58,58,0,Spring,NA,FALSE,NA,None,Ultimate,1.1,0,-1,-1q-1,TRUE,None,TRUE,NA,NA,NA
59,59,0,Spring,NA,FALSE,NA,None,Ultimate,1.1,0,-1,-1q-1,TRUE,None,TRUE,NA,NA,NA
60,60,0,Spring,NA,FALSE,NA,None,Ultimate,1.1,0,-1,-1q-1,TRUE,None,TRUE,NA,NA,NA
61,61,0,Spring,NA,FALSE,NA,None,Mega,1.1,0,-1,-1q-1,TRUE,None,TRUE,NA,NA,NA
62,62,0,Spring,NA,FALSE,NA,None,Mega,1.1,0,-1,-1q-1,TRUE,None,TRUE,NA,NA,NA
63,63,0,Spring,NA,FALSE,NA,None,Mega,1.1,0,-1,-1q-1,TRUE,None,TRUE,NA,NA,NA
64,64,0,Spring,NA,FALSE,NA,None,Mega,1.1,0,-1,-1q-1,TRUE,None,TRUE,NA,NA,NA
65,65,0,Spring,NA,FALSE,NA,None,Mega,1.6,52,-1,19q1,TRUE,None,TRUE,NA,NA,NA
66,66,0,Spring,NA,FALSE,NA,None,Mega,1.1,0,-1,-1q-1,TRUE,None,TRUE,NA,NA,NA
67,67,0,Spring,NA,FALSE,NA,None,Mega,1.1,0,-1,-1q-1,TRUE,None,TRUE,NA,NA,NA
68,68,0,Spring,NA,FALSE,NA,None,Mega,1.1,0,-1,-1q-1,TRUE,None,TRUE,NA,NA,NA
69,69,0,Spring,NA,FALSE,NA,None,Mega,1.1,0,-1,-1q-1,TRUE,None,TRUE,NA,NA,NA
70,70,0,Spring,NA,FALSE,NA,None,Mega,1.1,0,-1,-1q-1,TRUE,None,TRUE,NA,NA,NA
71,71,0,Spring,NA,FALSE,NA,None,Mega,1.1,0,-1,-1q-1,TRUE,None,TRUE,NA,NA,NA
72,72,0,Spring,NA,FALSE,NA,None,Mega,1.1,0,-1,-1q-1,TRUE,None,TRUE,NA,NA,NA
73,73,0,Spring,NA,FALSE,NA,None,Mega,1.1,0,-1,-1q-1,TRUE,None,TRUE,NA,NA,NA
74,74,0,Spring,NA,FALSE,NA,None,Mega,1.1,0,-1,-1q-1,TRUE,None,TRUE,NA,NA,NA
75,75,0,Spring,NA,FALSE,NA,None,Mega,1.1,0,-1,-1q-1,TRUE,None,TRUE,NA,NA,NA
76,76,0,Spring,NA,FALSE,NA,None,None,1,0,-1,-1q-1,TRUE,None,TRUE,NA,NA,NA
77,77,0,Spring,NA,FALSE,NA,None,None,1,0,-1,-1q-1,TRUE,None,TRUE,NA,NA,NA
78,78,0,Spring,NA,FALSE,NA,None,None,1,0,-1,-1q-1,TRUE,None,TRUE,NA,NA,NA
79,1,0,Summer,NA,FALSE,NA,None,None,1,0,-1,-1q-1,TRUE,None,TRUE,NA,NA,NA
80,2,0,Summer,DeepSaver,FALSE,NA,None,None,1.5,0,37,-1q-1,TRUE,None,TRUE,NA,NA,NA
81,3,0,Summer,NightmareSoldier,FALSE,NA,None,None,1.5,0,38,-1q-1,TRUE,None,TRUE,NA,NA,NA
82,4,0,Summer,NatureSpirit,FALSE,NA,None,None,1.5,0,35,-1q-1,TRUE,None,TRUE,NA,NA,NA
83,5,0,Summer,WindGuardian,FALSE,NA,None,None,1.5,0,-1,23q1,TRUE,None,TRUE,NA,NA,NA
84,6,0,Summer,MetalEmpire,FALSE,NA,None,None,1.5,0,-1,10q1,TRUE,None,TRUE,NA,NA,NA
85,7,0,Summer,DragonsRoar,FALSE,NA,None,None,1.5,0,-1,8q10,TRUE,None,TRUE,NA,NA,NA
86,8,0,Summer,JungleTrooper,FALSE,NA,None,None,1.5,0,-1,9q10,TRUE,None,TRUE,NA,NA,NA
87,9,0,Summer,VirusBuster,FALSE,NA,None,None,1.5,0,39,-1q-1,TRUE,None,TRUE,NA,NA,NA
88,10,0,Summer,DarkArea,FALSE,NA,None,None,1.5,0,-1,34q5,TRUE,None,TRUE,NA,NA,NA
89,11,0,Summer,NA,FALSE,Virus,None,None,1.5,0,-1,35q10,TRUE,None,TRUE,NA,NA,NA
90,12,0,Summer,NA,FALSE,Vaccine,None,None,1.5,0,-1,37q10,TRUE,None,TRUE,NA,NA,NA
91,13,0,Summer,NA,FALSE,Data,None,None,1.5,0,-1,36q10,TRUE,None,TRUE,NA,NA,NA
92,14,0,Summer,NA,FALSE,NA,None,None,1.5,14,-1,15q1,TRUE,None,TRUE,NA,NA,NA
93,15,0,Summer,NA,FALSE,NA,None,None,1,0,-1,11q1,TRUE,None,TRUE,NA,NA,NA
94,16,0,Summer,NA,FALSE,NA,None,Rookie,1.1,0,-1,38q5,TRUE,None,TRUE,NA,NA,NA
95,17,0,Summer,NA,FALSE,NA,None,Rookie,1.1,0,-1,-1q-1,TRUE,None,TRUE,NA,NA,NA
96,18,0,Summer,NA,FALSE,NA,None,Rookie,1.1,0,-1,-1q-1,TRUE,None,TRUE,NA,NA,NA
97,19,0,Summer,NA,FALSE,NA,None,Rookie,1.1,0,-1,-1q-1,TRUE,None,TRUE,NA,NA,NA
98,20,0,Summer,NA,FALSE,NA,None,Rookie,1.1,0,-1,-1q-1,TRUE,None,TRUE,NA,NA,NA
99,21,0,Summer,NA,FALSE,NA,None,Rookie,1.1,0,-1,-1q-1,TRUE,None,TRUE,NA,NA,NA
100,22,0,Summer,NA,FALSE,NA,None,Rookie,1.1,0,-1,-1q-1,TRUE,None,TRUE,NA,NA,NA
101,23,0,Summer,NA,FALSE,NA,None,Rookie,1.1,0,-1,-1q-1,TRUE,None,TRUE,NA,NA,NA
102,24,0,Summer,NA,FALSE,NA,None,Rookie,1.1,0,-1,-1q-1,TRUE,None,TRUE,NA,NA,NA
103,25,0,Summer,NA,FALSE,NA,None,Rookie,1.1,0,-1,-1q-1,TRUE,None,TRUE,NA,NA,NA
104,26,0,Summer,NA,FALSE,NA,None,Rookie,1.1,0,-1,-1q-1,TRUE,None,TRUE,NA,NA,NA
105,27,0,Summer,NA,FALSE,NA,None,Rookie,1.1,0,-1,-1q-1,TRUE,None,TRUE,NA,NA,NA
106,28,0,Summer,NA,FALSE,NA,None,Rookie,1.1,0,-1,-1q-1,TRUE,None,TRUE,NA,NA,NA
107,29,0,Summer,NA,FALSE,NA,None,Rookie,1.1,0,-1,-1q-1,TRUE,None,TRUE,NA,NA,NA
108,30,0,Summer,NA,FALSE,NA,None,Rookie,1.1,0,-1,-1q-1,TRUE,None,TRUE,NA,NA,NA
109,31,0,Summer,NA,FALSE,NA,None,Champion,1.1,0,-1,-1q-1,TRUE,None,TRUE,NA,NA,NA
110,32,0,Summer,NA,FALSE,NA,None,Champion,1.1,0,-1,-1q-1,TRUE,None,TRUE,NA,NA,NA
111,33,0,Summer,NA,FALSE,NA,None,Champion,1.1,0,-1,-1q-1,TRUE,None,TRUE,NA,NA,NA
112,34,0,Summer,NA,FALSE,NA,None,Champion,1.1,0,-1,-1q-1,TRUE,None,TRUE,NA,NA,NA
113,35,0,Summer,NA,FALSE,NA,None,Champion,1.1,0,-1,-1q-1,TRUE,None,TRUE,NA,NA,NA
114,36,0,Summer,NA,FALSE,NA,None,Champion,1.1,0,-1,-1q-1,TRUE,None,TRUE,NA,NA,NA
115,37,0,Summer,NA,FALSE,NA,None,Champion,1.6,100,-1,-1q-1,TRUE,None,TRUE,NA,NA,NA
116,38,0,Summer,NA,FALSE,NA,None,Champion,1.1,0,-1,-1q-1,TRUE,None,TRUE,NA,NA,NA
117,39,0,Summer,NA,FALSE,NA,None,Champion,1.1,0,-1,-1q-1,TRUE,None,TRUE,NA,NA,NA
118,40,0,Summer,NA,FALSE,NA,None,Champion,1.1,0,-1,-1q-1,TRUE,None,TRUE,NA,NA,NA
119,41,0,Summer,NA,FALSE,NA,None,Champion,1.1,0,-1,-1q-1,TRUE,None,TRUE,NA,NA,NA
120,42,0,Summer,NA,FALSE,NA,None,Champion,1.1,0,-1,-1q-1,TRUE,None,TRUE,NA,NA,NA
121,43,0,Summer,NA,FALSE,NA,None,Champion,1.1,0,-1,-1q-1,TRUE,None,TRUE,NA,NA,NA
122,44,0,Summer,NA,FALSE,NA,None,Champion,1.1,0,-1,-1q-1,TRUE,None,TRUE,NA,NA,NA
123,45,0,Summer,NA,FALSE,NA,None,Champion,1.1,0,-1,-1q-1,TRUE,None,TRUE,NA,NA,NA
124,46,0,Summer,NA,FALSE,NA,None,Ultimate,1.1,0,-1,-1q-1,TRUE,None,TRUE,NA,NA,NA
125,47,0,Summer,NA,FALSE,NA,None,Ultimate,1.1,0,-1,-1q-1,TRUE,None,TRUE,NA,NA,NA
126,48,0,Summer,NA,FALSE,NA,None,Ultimate,1.1,0,-1,-1q-1,TRUE,None,TRUE,NA,NA,NA
127,49,0,Summer,NA,FALSE,NA,None,Ultimate,1.1,0,-1,-1q-1,TRUE,None,TRUE,NA,NA,NA
128,50,0,Summer,NA,FALSE,NA,None,Ultimate,1.1,0,-1,-1q-1,TRUE,None,TRUE,NA,NA,NA
129,51,0,Summer,NA,FALSE,NA,None,Ultimate,1.1,0,-1,-1q-1,TRUE,None,TRUE,NA,NA,NA
130,52,0,Summer,NA,FALSE,NA,None,Ultimate,1.6,115,-1,-1q-1,TRUE,None,TRUE,NA,NA,NA
131,53,0,Summer,NA,FALSE,NA,None,Ultimate,1.1,0,-1,-1q-1,TRUE,None,TRUE,NA,NA,NA
132,54,0,Summer,NA,FALSE,NA,None,Ultimate,1.1,0,-1,-1q-1,TRUE,None,TRUE,NA,NA,NA
133,55,0,Summer,NA,FALSE,NA,None,Ultimate,1.1,0,-1,-1q-1,TRUE,None,TRUE,NA,NA,NA
134,56,0,Summer,NA,FALSE,NA,None,Ultimate,1.1,0,-1,-1q-1,TRUE,None,TRUE,NA,NA,NA
135,57,0,Summer,NA,FALSE,NA,None,Ultimate,1.1,0,-1,-1q-1,TRUE,None,TRUE,NA,NA,NA
136,58,0,Summer,NA,FALSE,NA,None,Ultimate,1.1,0,-1,-1q-1,TRUE,None,TRUE,NA,NA,NA
137,59,0,Summer,NA,FALSE,NA,None,Ultimate,1.1,0,-1,-1q-1,TRUE,None,TRUE,NA,NA,NA
138,60,0,Summer,NA,FALSE,NA,None,Ultimate,1.1,0,-1,-1q-1,TRUE,None,TRUE,NA,NA,NA
139,61,0,Summer,NA,FALSE,NA,None,Mega,1.1,0,-1,-1q-1,TRUE,None,TRUE,NA,NA,NA
140,62,0,Summer,NA,FALSE,NA,None,Mega,1.1,0,-1,-1q-1,TRUE,None,TRUE,NA,NA,NA
141,63,0,Summer,NA,FALSE,NA,None,Mega,1.1,0,-1,-1q-1,TRUE,None,TRUE,NA,NA,NA
142,64,0,Summer,NA,FALSE,NA,None,Mega,1.1,0,-1,-1q-1,TRUE,None,TRUE,NA,NA,NA
143,65,0,Summer,NA,FALSE,NA,None,Mega,1.6,130,-1,19q1,TRUE,None,TRUE,NA,NA,NA
144,66,0,Summer,NA,FALSE,NA,None,Mega,1.1,0,-1,-1q-1,TRUE,None,TRUE,NA,NA,NA
145,67,0,Summer,NA,FALSE,NA,None,Mega,1.1,0,-1,-1q-1,TRUE,None,TRUE,NA,NA,NA
146,68,0,Summer,NA,FALSE,NA,None,Mega,1.1,0,-1,-1q-1,TRUE,None,TRUE,NA,NA,NA
147,69,0,Summer,NA,FALSE,NA,None,Mega,1.1,0,-1,-1q-1,TRUE,None,TRUE,NA,NA,NA
148,70,0,Summer,NA,FALSE,NA,None,Mega,1.1,0,-1,-1q-1,TRUE,None,TRUE,NA,NA,NA
149,71,0,Summer,NA,FALSE,NA,None,Mega,1.1,0,-1,-1q-1,TRUE,None,TRUE,NA,NA,NA
150,72,0,Summer,NA,FALSE,NA,None,Mega,1.1,0,-1,-1q-1,TRUE,None,TRUE,NA,NA,NA
151,73,0,Summer,NA,FALSE,NA,None,Mega,1.1,0,-1,-1q-1,TRUE,None,TRUE,NA,NA,NA
152,74,0,Summer,NA,FALSE,NA,None,Mega,1.1,0,-1,-1q-1,TRUE,None,TRUE,NA,NA,NA
153,75,0,Summer,NA,FALSE,NA,None,Mega,1.1,0,-1,-1q-1,TRUE,None,TRUE,NA,NA,NA
154,76,0,Summer,NA,FALSE,NA,None,None,1,0,-1,-1q-1,TRUE,None,TRUE,NA,NA,NA
155,77,0,Summer,NA,FALSE,NA,None,None,1,0,-1,-1q-1,TRUE,None,TRUE,NA,NA,NA
156,78,0,Summer,NA,FALSE,NA,None,None,1,0,-1,-1q-1,TRUE,None,TRUE,NA,NA,NA
157,1,0,Fall,NA,FALSE,NA,None,None,1,0,-1,-1q-1,TRUE,None,TRUE,NA,NA,NA
158,2,0,Fall,DeepSaver,FALSE,NA,None,None,1.5,0,-1,14q10,TRUE,None,TRUE,NA,NA,NA
159,3,0,Fall,NightmareSoldier,FALSE,NA,None,None,1.5,0,-1,30q10,TRUE,None,TRUE,NA,NA,NA
160,4,0,Fall,NatureSpirit,FALSE,NA,None,None,1.5,0,-1,40q10,TRUE,None,TRUE,NA,NA,NA
161,5,0,Fall,WindGuardian,FALSE,NA,None,None,1.5,0,42,-1q-1,TRUE,None,TRUE,NA,NA,NA
162,6,0,Fall,MetalEmpire,FALSE,NA,None,None,1.5,0,41,-1q-1,TRUE,None,TRUE,NA,NA,NA
163,7,0,Fall,DragonsRoar,FALSE,NA,None,None,1.5,0,-1,28q10,TRUE,None,TRUE,NA,NA,NA
164,8,0,Fall,JungleTrooper,FALSE,NA,None,None,1.5,0,34,-1q-1,TRUE,None,TRUE,NA,NA,NA
165,9,0,Fall,VirusBuster,FALSE,NA,None,None,1.5,0,-1,6q10,TRUE,None,TRUE,NA,NA,NA
166,10,0,Fall,DarkArea,FALSE,NA,None,None,1.5,0,-1,41q10,TRUE,None,TRUE,NA,NA,NA
167,11,0,Fall,NA,FALSE,Virus,None,None,1.5,0,-1,35q10,TRUE,None,TRUE,NA,NA,NA
168,12,0,Fall,NA,FALSE,Vaccine,None,None,1.5,0,-1,37q10,TRUE,None,TRUE,NA,NA,NA
169,13,0,Fall,NA,FALSE,Data,None,None,1.5,0,-1,36q10,TRUE,None,TRUE,NA,NA,NA
170,14,0,Fall,NA,FALSE,NA,None,None,1.5,92,-1,29q10,TRUE,None,TRUE,NA,NA,NA
171,15,0,Fall,NA,FALSE,NA,None,None,1,0,-1,39q10,TRUE,None,TRUE,NA,NA,NA
172,16,0,Fall,NA,FALSE,NA,None,Rookie,1.1,0,-1,31q10,TRUE,None,TRUE,NA,NA,NA
173,17,0,Fall,NA,FALSE,NA,None,Rookie,1.1,0,-1,-1q-1,TRUE,None,TRUE,NA,NA,NA
174,18,0,Fall,NA,FALSE,NA,None,Rookie,1.1,0,-1,-1q-1,TRUE,None,TRUE,NA,NA,NA
175,19,0,Fall,NA,FALSE,NA,None,Rookie,1.1,0,-1,-1q-1,TRUE,None,TRUE,NA,NA,NA
176,20,0,Fall,NA,FALSE,NA,None,Rookie,1.1,0,-1,-1q-1,TRUE,None,TRUE,NA,NA,NA
177,21,0,Fall,NA,FALSE,NA,None,Rookie,1.1,0,-1,-1q-1,TRUE,None,TRUE,NA,NA,NA
178,22,0,Fall,NA,FALSE,NA,None,Rookie,1.1,0,-1,-1q-1,TRUE,None,TRUE,NA,NA,NA
179,23,0,Fall,NA,FALSE,NA,None,Rookie,1.1,0,-1,-1q-1,TRUE,None,TRUE,NA,NA,NA
180,24,0,Fall,NA,FALSE,NA,None,Rookie,1.1,0,-1,-1q-1,TRUE,None,TRUE,NA,NA,NA
181,25,0,Fall,NA,FALSE,NA,None,Rookie,1.1,0,-1,-1q-1,TRUE,None,TRUE,NA,NA,NA
182,26,0,Fall,NA,FALSE,NA,None,Rookie,1.1,0,-1,-1q-1,TRUE,None,TRUE,NA,NA,NA
183,27,0,Fall,NA,FALSE,NA,None,Rookie,1.1,0,-1,-1q-1,TRUE,None,TRUE,NA,NA,NA
184,28,0,Fall,NA,FALSE,NA,None,Rookie,1.1,0,-1,-1q-1,TRUE,None,TRUE,NA,NA,NA
185,29,0,Fall,NA,FALSE,NA,None,Rookie,1.1,0,-1,-1q-1,TRUE,None,TRUE,NA,NA,NA
186,30,0,Fall,NA,FALSE,NA,None,Rookie,1.1,0,-1,-1q-1,TRUE,None,TRUE,NA,NA,NA
187,31,0,Fall,NA,FALSE,NA,None,Champion,1.1,0,-1,-1q-1,TRUE,None,TRUE,NA,NA,NA
188,32,0,Fall,NA,FALSE,NA,None,Champion,1.1,0,-1,-1q-1,TRUE,None,TRUE,NA,NA,NA
189,33,0,Fall,NA,FALSE,NA,None,Champion,1.1,0,-1,-1q-1,TRUE,None,TRUE,NA,NA,NA
190,34,0,Fall,NA,FALSE,NA,None,Champion,1.1,0,-1,-1q-1,TRUE,None,TRUE,NA,NA,NA
191,35,0,Fall,NA,FALSE,NA,None,Champion,1.1,0,-1,-1q-1,TRUE,None,TRUE,NA,NA,NA
192,36,0,Fall,NA,FALSE,NA,None,Champion,1.1,0,-1,-1q-1,TRUE,None,TRUE,NA,NA,NA
193,37,0,Fall,NA,FALSE,NA,None,Champion,1.6,178,-1,-1q-1,TRUE,None,TRUE,NA,NA,NA
194,38,0,Fall,NA,FALSE,NA,None,Champion,1.1,0,-1,-1q-1,TRUE,None,TRUE,NA,NA,NA
195,39,0,Fall,NA,FALSE,NA,None,Champion,1.1,0,-1,-1q-1,TRUE,None,TRUE,NA,NA,NA
196,40,0,Fall,NA,FALSE,NA,None,Champion,1.1,0,-1,-1q-1,TRUE,None,TRUE,NA,NA,NA
197,41,0,Fall,NA,FALSE,NA,None,Champion,1.1,0,-1,-1q-1,TRUE,None,TRUE,NA,NA,NA
198,42,0,Fall,NA,FALSE,NA,None,Champion,1.1,0,-1,-1q-1,TRUE,None,TRUE,NA,NA,NA
199,43,0,Fall,NA,FALSE,NA,None,Champion,1.1,0,-1,-1q-1,TRUE,None,TRUE,NA,NA,NA
200,44,0,Fall,NA,FALSE,NA,None,Champion,1.1,0,-1,-1q-1,TRUE,None,TRUE,NA,NA,NA
201,45,0,Fall,NA,FALSE,NA,None,Champion,1.1,0,-1,-1q-1,TRUE,None,TRUE,NA,NA,NA
202,46,0,Fall,NA,FALSE,NA,None,Ultimate,1.1,0,-1,-1q-1,TRUE,None,TRUE,NA,NA,NA
203,47,0,Fall,NA,FALSE,NA,None,Ultimate,1.1,0,-1,-1q-1,TRUE,None,TRUE,NA,NA,NA
204,48,0,Fall,NA,FALSE,NA,None,Ultimate,1.1,0,-1,-1q-1,TRUE,None,TRUE,NA,NA,NA
205,49,0,Fall,NA,FALSE,NA,None,Ultimate,1.1,0,-1,-1q-1,TRUE,None,TRUE,NA,NA,NA
206,50,0,Fall,NA,FALSE,NA,None,Ultimate,1.1,0,-1,-1q-1,TRUE,None,TRUE,NA,NA,NA
207,51,0,Fall,NA,FALSE,NA,None,Ultimate,1.1,0,-1,-1q-1,TRUE,None,TRUE,NA,NA,NA
208,52,0,Fall,NA,FALSE,NA,None,Ultimate,1.6,193,-1,-1q-1,TRUE,None,TRUE,NA,NA,NA
209,53,0,Fall,NA,FALSE,NA,None,Ultimate,1.1,0,-1,-1q-1,TRUE,None,TRUE,NA,NA,NA
210,54,0,Fall,NA,FALSE,NA,None,Ultimate,1.1,0,-1,-1q-1,TRUE,None,TRUE,NA,NA,NA
211,55,0,Fall,NA,FALSE,NA,None,Ultimate,1.1,0,-1,-1q-1,TRUE,None,TRUE,NA,NA,NA
212,56,0,Fall,NA,FALSE,NA,None,Ultimate,1.1,0,-1,-1q-1,TRUE,None,TRUE,NA,NA,NA
213,57,0,Fall,NA,FALSE,NA,None,Ultimate,1.1,0,-1,-1q-1,TRUE,None,TRUE,NA,NA,NA
214,58,0,Fall,NA,FALSE,NA,None,Ultimate,1.1,0,-1,-1q-1,TRUE,None,TRUE,NA,NA,NA
215,59,0,Fall,NA,FALSE,NA,None,Ultimate,1.1,0,-1,-1q-1,TRUE,None,TRUE,NA,NA,NA
216,60,0,Fall,NA,FALSE,NA,None,Ultimate,1.1,0,-1,-1q-1,TRUE,None,TRUE,NA,NA,NA
217,61,0,Fall,NA,FALSE,NA,None,Mega,1.1,0,-1,-1q-1,TRUE,None,TRUE,NA,NA,NA
218,62,0,Fall,NA,FALSE,NA,None,Mega,1.1,0,-1,-1q-1,TRUE,None,TRUE,NA,NA,NA
219,63,0,Fall,NA,FALSE,NA,None,Mega,1.1,0,-1,-1q-1,TRUE,None,TRUE,NA,NA,NA
220,64,0,Fall,NA,FALSE,NA,None,Mega,1.1,0,-1,-1q-1,TRUE,None,TRUE,NA,NA,NA
221,65,0,Fall,NA,FALSE,NA,None,Mega,1.6,208,-1,19q1,TRUE,None,TRUE,NA,NA,NA
222,66,0,Fall,NA,FALSE,NA,None,Mega,1.1,0,-1,-1q-1,TRUE,None,TRUE,NA,NA,NA
223,67,0,Fall,NA,FALSE,NA,None,Mega,1.1,0,-1,-1q-1,TRUE,None,TRUE,NA,NA,NA
224,68,0,Fall,NA,FALSE,NA,None,Mega,1.1,0,-1,-1q-1,TRUE,None,TRUE,NA,NA,NA
225,69,0,Fall,NA,FALSE,NA,None,Mega,1.1,0,-1,-1q-1,TRUE,None,TRUE,NA,NA,NA
226,70,0,Fall,NA,FALSE,NA,None,Mega,1.1,0,-1,-1q-1,TRUE,None,TRUE,NA,NA,NA
227,71,0,Fall,NA,FALSE,NA,None,Mega,1.1,0,-1,-1q-1,TRUE,None,TRUE,NA,NA,NA
228,72,0,Fall,NA,FALSE,NA,None,Mega,1.1,0,-1,-1q-1,TRUE,None,TRUE,NA,NA,NA
229,73,0,Fall,NA,FALSE,NA,None,Mega,1.1,0,-1,-1q-1,TRUE,None,TRUE,NA,NA,NA
230,74,0,Fall,NA,FALSE,NA,None,Mega,1.1,0,-1,-1q-1,TRUE,None,TRUE,NA,NA,NA
231,75,0,Fall,NA,FALSE,NA,None,Mega,1.1,0,-1,-1q-1,TRUE,None,TRUE,NA,NA,NA
232,76,0,Fall,NA,FALSE,NA,None,None,1,0,-1,-1q-1,TRUE,None,TRUE,NA,NA,NA
233,77,0,Fall,NA,FALSE,NA,None,None,1,0,-1,-1q-1,TRUE,None,TRUE,NA,NA,NA
234,78,0,Fall,NA,FALSE,NA,None,None,1,0,-1,-1q-1,TRUE,None,TRUE,NA,NA,NA
235,1,0,Winter,NA,FALSE,NA,None,None,1,0,-1,-1q-1,TRUE,None,TRUE,NA,NA,NA
236,2,0,Winter,DeepSaver,FALSE,NA,None,None,1.5,0,3,-1q-1,TRUE,None,TRUE,NA,NA,NA
237,3,0,Winter,NightmareSoldier,FALSE,NA,None,None,1.5,0,0,-1q-1,TRUE,None,TRUE,NA,NA,NA
238,4,0,Winter,NatureSpirit,FALSE,NA,None,None,1.5,0,5,-1q-1,TRUE,None,TRUE,NA,NA,NA
239,5,0,Winter,WindGuardian,FALSE,NA,None,None,1.5,0,12,-1q-1,TRUE,None,TRUE,NA,NA,NA
240,6,0,Winter,MetalEmpire,FALSE,NA,None,None,1.5,0,2,-1q-1,TRUE,None,TRUE,NA,NA,NA
241,7,0,Winter,DragonsRoar,FALSE,NA,None,None,1.5,0,7,-1q-1,TRUE,None,TRUE,NA,NA,NA
242,8,0,Winter,JungleTrooper,FALSE,NA,None,None,1.5,0,13,-1q-1,TRUE,None,TRUE,NA,NA,NA
243,9,0,Winter,VirusBuster,FALSE,NA,None,None,1.5,0,27,-1q-1,TRUE,None,TRUE,NA,NA,NA
244,10,0,Winter,DarkArea,FALSE,NA,None,None,1.5,0,40,-1q-1,TRUE,None,TRUE,NA,NA,NA
245,11,0,Winter,NA,FALSE,Virus,None,None,1.5,0,-1,35q10,TRUE,None,TRUE,NA,NA,NA
246,12,0,Winter,NA,FALSE,Vaccine,None,None,1.5,0,-1,37q10,TRUE,None,TRUE,NA,NA,NA
247,13,0,Winter,NA,FALSE,Data,None,None,1.5,0,-1,36q10,TRUE,None,TRUE,NA,NA,NA
248,14,0,Winter,NA,FALSE,NA,None,None,1.5,170,-1,18q1,TRUE,None,TRUE,NA,NA,NA
249,15,0,Winter,NA,FALSE,NA,None,None,1,0,-1,32q1,TRUE,None,TRUE,NA,NA,NA
250,16,0,Winter,NA,FALSE,NA,None,Rookie,1.1,0,-1,-1q-1,TRUE,None,TRUE,NA,NA,NA
251,17,0,Winter,NA,FALSE,NA,None,Rookie,1.1,0,-1,-1q-1,TRUE,None,TRUE,NA,NA,NA
252,18,0,Winter,NA,FALSE,NA,None,Rookie,1.1,0,-1,-1q-1,TRUE,None,TRUE,NA,NA,NA
253,19,0,Winter,NA,FALSE,NA,None,Rookie,1.1,0,-1,-1q-1,TRUE,None,TRUE,NA,NA,NA
254,20,0,Winter,NA,FALSE,NA,None,Rookie,1.1,0,-1,-1q-1,TRUE,None,TRUE,NA,NA,NA
255,21,0,Winter,NA,FALSE,NA,None,Rookie,1.1,0,-1,-1q-1,TRUE,None,TRUE,NA,NA,NA
256,22,0,Winter,NA,FALSE,NA,None,Rookie,1.1,0,-1,-1q-1,TRUE,None,TRUE,NA,NA,NA
257,23,0,Winter,NA,FALSE,NA,None,Rookie,1.1,0,-1,-1q-1,TRUE,None,TRUE,NA,NA,NA
258,24,0,Winter,NA,FALSE,NA,None,Rookie,1.1,0,-1,-1q-1,TRUE,None,TRUE,NA,NA,NA
259,25,0,Winter,NA,FALSE,NA,None,Rookie,1.1,0,-1,-1q-1,TRUE,None,TRUE,NA,NA,NA
260,26,0,Winter,NA,FALSE,NA,None,Rookie,1.1,0,-1,-1q-1,TRUE,None,TRUE,NA,NA,NA
261,27,0,Winter,NA,FALSE,NA,None,Rookie,1.1,0,-1,-1q-1,TRUE,None,TRUE,NA,NA,NA
262,28,0,Winter,NA,FALSE,NA,None,Rookie,1.1,0,-1,-1q-1,TRUE,None,TRUE,NA,NA,NA
263,29,0,Winter,NA,FALSE,NA,None,Rookie,1.1,0,-1,-1q-1,TRUE,None,TRUE,NA,NA,NA
264,30,0,Winter,NA,FALSE,NA,None,Rookie,1.1,0,-1,-1q-1,TRUE,None,TRUE,NA,NA,NA
265,31,0,Winter,NA,FALSE,NA,None,Champion,1.1,0,-1,-1q-1,TRUE,None,TRUE,NA,NA,NA
266,32,0,Winter,NA,FALSE,NA,None,Champion,1.1,0,-1,-1q-1,TRUE,None,TRUE,NA,NA,NA
267,33,0,Winter,NA,FALSE,NA,None,Champion,1.1,0,-1,-1q-1,TRUE,None,TRUE,NA,NA,NA
268,34,0,Winter,NA,FALSE,NA,None,Champion,1.1,0,-1,-1q-1,TRUE,None,TRUE,NA,NA,NA
269,35,0,Winter,NA,FALSE,NA,None,Champion,1.1,0,-1,-1q-1,TRUE,None,TRUE,NA,NA,NA
270,36,0,Winter,NA,FALSE,NA,None,Champion,1.1,0,-1,-1q-1,TRUE,None,TRUE,NA,NA,NA
271,37,0,Winter,NA,FALSE,NA,None,Champion,1.6,256,-1,-1q-1,TRUE,None,TRUE,NA,NA,NA
272,38,0,Winter,NA,FALSE,NA,None,Champion,1.1,0,-1,-1q-1,TRUE,None,TRUE,NA,NA,NA
273,39,0,Winter,NA,FALSE,NA,None,Champion,1.1,0,-1,-1q-1,TRUE,None,TRUE,NA,NA,NA
274,40,0,Winter,NA,FALSE,NA,None,Champion,1.1,0,-1,-1q-1,TRUE,None,TRUE,NA,NA,NA
275,41,0,Winter,NA,FALSE,NA,None,Champion,1.1,0,-1,-1q-1,TRUE,None,TRUE,NA,NA,NA
276,42,0,Winter,NA,FALSE,NA,None,Champion,1.1,0,-1,-1q-1,TRUE,None,TRUE,NA,NA,NA
277,43,0,Winter,NA,FALSE,NA,None,Champion,1.1,0,-1,-1q-1,TRUE,None,TRUE,NA,NA,NA
278,44,0,Winter,NA,FALSE,NA,None,Champion,1.1,0,-1,-1q-1,TRUE,None,TRUE,NA,NA,NA
279,45,0,Winter,NA,FALSE,NA,None,Champion,1.1,0,-1,-1q-1,TRUE,None,TRUE,NA,NA,NA
280,46,0,Winter,NA,FALSE,NA,None,Ultimate,1.1,0,-1,-1q-1,TRUE,None,TRUE,NA,NA,NA
281,47,0,Winter,NA,FALSE,NA,None,Ultimate,1.1,0,-1,-1q-1,TRUE,None,TRUE,NA,NA,NA
282,48,0,Winter,NA,FALSE,NA,None,Ultimate,1.1,0,-1,-1q-1,TRUE,None,TRUE,NA,NA,NA
283,49,0,Winter,NA,FALSE,NA,None,Ultimate,1.1,0,-1,-1q-1,TRUE,None,TRUE,NA,NA,NA
284,50,0,Winter,NA,FALSE,NA,None,Ultimate,1.1,0,-1,-1q-1,TRUE,None,TRUE,NA,NA,NA
285,51,0,Winter,NA,FALSE,NA,None,Ultimate,1.1,0,-1,-1q-1,TRUE,None,TRUE,NA,NA,NA
286,52,0,Winter,NA,FALSE,NA,None,Ultimate,1.6,271,-1,-1q-1,TRUE,None,TRUE,NA,NA,NA
287,53,0,Winter,NA,FALSE,NA,None,Ultimate,1.1,0,-1,-1q-1,TRUE,None,TRUE,NA,NA,NA
288,54,0,Winter,NA,FALSE,NA,None,Ultimate,1.1,0,-1,-1q-1,TRUE,None,TRUE,NA,NA,NA
289,55,0,Winter,NA,FALSE,NA,None,Ultimate,1.1,0,-1,-1q-1,TRUE,None,TRUE,NA,NA,NA
290,56,0,Winter,NA,FALSE,NA,None,Ultimate,1.1,0,-1,-1q-1,TRUE,None,TRUE,NA,NA,NA
291,57,0,Winter,NA,FALSE,NA,None,Ultimate,1.1,0,-1,-1q-1,TRUE,None,TRUE,NA,NA,NA
292,58,0,Winter,NA,FALSE,NA,None,Ultimate,1.1,0,-1,-1q-1,TRUE,None,TRUE,NA,NA,NA
293,59,0,Winter,NA,FALSE,NA,None,Ultimate,1.1,0,-1,-1q-1,TRUE,None,TRUE,NA,NA,NA
294,60,0,Winter,NA,FALSE,NA,None,Ultimate,1.1,0,-1,-1q-1,TRUE,None,TRUE,NA,NA,NA
295,61,0,Winter,NA,FALSE,NA,None,Mega,1.1,0,-1,-1q-1,TRUE,None,TRUE,NA,NA,NA
296,62,0,Winter,NA,FALSE,NA,None,Mega,1.1,0,-1,-1q-1,TRUE,None,TRUE,NA,NA,NA
297,63,0,Winter,NA,FALSE,NA,None,Mega,1.1,0,-1,-1q-1,TRUE,None,TRUE,NA,NA,NA
298,64,0,Winter,NA,FALSE,NA,None,Mega,1.1,0,-1,-1q-1,TRUE,None,TRUE,NA,NA,NA
299,65,0,Winter,NA,FALSE,NA,None,Mega,1.6,286,-1,19q1,TRUE,None,TRUE,NA,NA,NA
300,66,0,Winter,NA,FALSE,NA,None,Mega,1.1,0,-1,-1q-1,TRUE,None,TRUE,NA,NA,NA
301,67,0,Winter,NA,FALSE,NA,None,Mega,1.1,0,-1,-1q-1,TRUE,None,TRUE,NA,NA,NA
302,68,0,Winter,NA,FALSE,NA,None,Mega,1.1,0,-1,-1q-1,TRUE,None,TRUE,NA,NA,NA
303,69,0,Winter,NA,FALSE,NA,None,Mega,1.1,0,-1,-1q-1,TRUE,None,TRUE,NA,NA,NA
304,70,0,Winter,NA,FALSE,NA,None,Mega,1.1,0,-1,-1q-1,TRUE,None,TRUE,NA,NA,NA
305,71,0,Winter,NA,FALSE,NA,None,Mega,1.1,0,-1,-1q-1,TRUE,None,TRUE,NA,NA,NA
306,72,0,Winter,NA,FALSE,NA,None,Mega,1.1,0,-1,-1q-1,TRUE,None,TRUE,NA,NA,NA
307,73,0,Winter,NA,FALSE,NA,None,Mega,1.1,0,-1,-1q-1,TRUE,None,TRUE,NA,NA,NA
308,74,0,Winter,NA,FALSE,NA,None,Mega,1.1,0,-1,-1q-1,TRUE,None,TRUE,NA,NA,NA
309,75,0,Winter,NA,FALSE,NA,None,Mega,1.1,0,-1,-1q-1,TRUE,None,TRUE,NA,NA,NA
310,76,0,Winter,NA,FALSE,NA,None,None,1,0,-1,-1q-1,TRUE,None,TRUE,NA,NA,NA
311,77,0,Winter,NA,FALSE,NA,None,None,1,0,-1,-1q-1,TRUE,None,TRUE,NA,NA,NA
312,78,0,Winter,NA,FALSE,NA,None,None,1,0,-1,-1q-1,TRUE,None,TRUE,NA,NA,NA
313,79,0,Spring,NA,FALSE,NA,None,None,1,0,18,-1q-1,TRUE,None,TRUE,NA,NA,NA
314,80,0,Spring,NA,FALSE,NA,None,None,1,0,21,-1q-1,TRUE,None,TRUE,NA,NA,NA
315,81,0,Spring,NA,FALSE,NA,None,None,1,0,22,-1q-1,TRUE,None,TRUE,NA,NA,NA
316,79,0,Summer,NA,FALSE,NA,None,None,1,0,15,-1q-1,TRUE,None,TRUE,NA,NA,NA
317,80,0,Summer,NA,FALSE,NA,None,None,1,0,16,-1q-1,TRUE,None,TRUE,NA,NA,NA
318,81,0,Summer,NA,FALSE,NA,None,None,1,0,17,-1q-1,TRUE,None,TRUE,NA,NA,NA
319,79,0,Winter,NA,FALSE,NA,None,None,1,0,20,-1q-1,TRUE,None,TRUE,NA,NA,NA
320,80,0,Winter,NA,FALSE,NA,None,None,1,0,24,-1q-1,TRUE,None,TRUE,NA,NA,NA
321,81,0,Winter,NA,FALSE,NA,None,None,1,0,25,-1q-1,TRUE,None,TRUE,NA,NA,NA
322,79,0,Fall,NA,FALSE,NA,None,None,1,0,19,-1q-1,TRUE,None,TRUE,NA,NA,NA
323,80,0,Fall,NA,FALSE,NA,None,None,1,0,23,-1q-1,TRUE,None,TRUE,NA,NA,NA
324,81,0,Fall,NA,FALSE,NA,None,None,1,0,-1,-1q-1,TRUE,None,TRUE,NA,NA,NA
